username|password|c_phone|c_email|c_address
ujkdhw351062|m02$*W6CMxv4]dl|4538764534|dartlife@verizon.net|77 Tunnel St., Newburgh, NY 12550
eujd3072|KV-uOs$}Tj\k#` _8:|4452109426|smpeters@hotmail.com|904 Prospect Rd., New York, NY 10023
r150739268|XKu,93AIgb|4722717396|jdhildeb@me.com|25 Tunnel Street, Brooklyn, NY 11204
e92658431|Hc/~Elt520|5778622667|kaiser@live.com|497 Princess Street, Bronx, NY 10467
xetlm87643|8O6XN60+<y|4155832462|library@verizon.net|9025 Depot St., Massapequa, NY 11758
d0498135|2j=zY/Az3r)B~z54|8572604308|rbarreira@outlook.com|41 Pumpkin Hill Ave., Brooklyn, NY 11218
bijantwvx120463|7B4M-E6%wY93)U|2414783495|bmcmahon@icloud.com|8741 North Crescent Ave., Brooklyn, NY 11233
x4|1?iIi&W1IDK|8813866833|isaacson@optonline.net|726 Liberty Road, New York, NY 10002
p8965210|7#rJ,:XUS// D41_|2485183091|kaiser@hotmail.com|96 8th St., Flushing, NY 11354
v6|T<[15?wNa*hh p/$^|5178608845|jlbaumga@optonline.net|1 North Longbranch Street, New York, NY 10016
dlyn3276941|5K3)]vG<;7n_7r&|5528158132|emmanuel@yahoo.com|13 North Mayfair Street, Spring Valley, NY 10977
ruxd5104|r025qU O919jfG|6739996120|blixem@me.com|942 Campfire Dr., Troy, NY 12180
rc43807165|328WVD5$@F+1mg>|4014512303|singer@icloud.com|547 E. Linden Dr., Bronx, NY 10453
ovz086923714|6kF9AdmmLq1R@3p%|4558228300|alastair@verizon.net|8555 York Street, Brooklyn, NY 11228
wyq358042971|qHh.1o&1jtf.H?A<|9219462717|naupa@mac.com|421 Leeton Ridge Ave., Poughkeepsie, NY 12601
gyhrw0576|V^C<?l51.me8eCW[|4634405219|ccohen@att.net|972 Acacia St., Brooklyn, NY 11237
tn|w$>J+ }Qkk:24 +m|4044888138|vmalik@gmail.com|89 Wall Street, New York, NY 10003
fpxzbad84739|emAk4c0V@dA*7Bx.Vx|5915916947|smcnabb@optonline.net|56 Durham Street, Levittown, NY 11756
yj8921036|7~x`rA{2E~pK4|9702720258|tbeck@outlook.com|622 Rosewood Lane, Bronx, NY 10469
gpkq1386459|es(78H^iP{WU9!6|4516746738|rkobes@msn.com|947 Kingston Lane, Hempstead, NY 11550
fe948765|G3\%dz^VdH|6772397363|donev@mac.com|9400 Chestnut Court, Staten Island, NY 10312
tc7|A7pav0y;CBai}3|7835722697|syncnine@verizon.net|67 Linden St., Bay Shore, NY 11706
jyf3560|rHVtzF=B)A]r4f|6849945428|mthurn@msn.com|9629 Laurel Lane, Lockport, NY 14094
postnd4508|8DfU5{o7R25v|4474490432|lbecchi@verizon.net|87 Schoolhouse Drive, New York, NY 10028
xcjrsf129587|DCJPK1:QcZ|9647026814|yamla@outlook.com|11 Old Military Street, Bronx, NY 10462
c871094|kNf/[l5$WuRbEPqd|2319400570|mccurley@outlook.com|7558 Bradford Avenue, Brooklyn, NY 11203
gcbrh132784|w?vlkh%JKql|3476638190|ianbuck@live.com|786 Maple Road, Endicott, NY 13760
lpjwtq07491253|sM4F*)BzWcxBcQ3M2Z|9673506484|milton@outlook.com|8513 Pheasant Lane, Brooklyn, NY 11238
punidfetr2|33aV}3&1bx|7119306478|nimaclea@icloud.com|7279 Golf Ave., New York, NY 10031
cky|DdlF{Mw[y7Z(38|2132957103|bowmanbs@live.com|80 Academy St., Bronx, NY 10457