mid|first_name|last_name|ssn|gender|phone|email
1|Laylah|Hammond|285-47-3018|F|9265542960|dogdude@optonline.net
2|Kayla|Bauer|652-12-3446|M|9918935619|tfinniga@me.com
3|Wyatt|Bates|689-57-1553|M|7268003247|niknejad@sbcglobal.net
4|Siena|Boyle|759-27-8164|M|4416838474|carreras@msn.com
5|Lauryn|Carter|074-78-5101|M|9647026814|amcuri@comcast.net
6|Lizbeth|Bray|893-46-5485|F|5376528749|zwood@me.com
7|Brett|Mack|253-75-0021|F|6245056576|mhoffman@sbcglobal.net
8|Alanna|Long|635-76-0695|O|2058908822|sonnen@me.com
9|Ezra|Scott|616-06-3361|M|7063102970|mdielmann@verizon.net
10|Vaughn|Jacobs|007-87-0340|F|8572604308|kingma@yahoo.ca
11|Jesse|Hodge|656-12-2063|M|3476638190|fallorn@icloud.com
12|Aliza|Morgan|231-63-1009|F|3325771588|boser@outlook.com
13|Paula|Roberson|386-30-3256|M|2693623124|hikoza@icloud.com
14|Raegan|Adkins|650-27-8457|M|7235530976|falcao@sbcglobal.net
15|Makaila|Haley|595-20-8278|M|2719288782|joelw@gmail.com
16|Skyler|Underwood|828-66-2655|F|2146933416|wildixon@msn.com
17|Kaylin|Ruiz|887-84-3563|M|9266157068|pgolle@yahoo.com
18|Jazmyn|Spencer|789-07-7643|M|3579482244|trieuvan@mac.com
19|Julio|Russo|690-48-9980|O|6725233051|webinc@me.com
20|Lisa|Quinn|861-43-3171|F|6723800350|fluffy@att.net
21|Cameron|Turner|350-52-1164|M|7045522439|jeteve@msn.com
22|Shelby|Cortez|803-13-5418|M|3928144712|parkes@yahoo.com
23|Jordin|Irwin|407-12-3973|M|3633361848|carmena@att.net
24|Halle|Ramsey|846-34-9165|M|5704830127|daveed@outlook.com
25|Calvin|Blair|667-32-8408|F|4692887492|harryh@optonline.net
26|Jonathan|Garrett|419-87-3641|F|2388342273|liedra@hotmail.com
27|Franco|Marquez|700-59-4857|M|6097647363|pappp@live.com
28|Melany|Krueger|424-01-6833|F|5819205245|hmbrand@verizon.net
29|Eva|Esparza|856-48-1761|M|6304605298|sbmrjbr@comcast.net
30|Julius|Mcintyre|142-71-6994|F|9337009486|teverett@verizon.net